scenario,type,effectSize,sampleSize,auc,b0,b1,b2,b3,b4,b5,b6,b7,b8,g0,g1,g2,g5,g6
64,interaction,weak,4250,75,-2.08,0.49,0.49,0.49,0.49,0.49,0.49,0.49,0.49,-0.2231435513142097,-0.19,-0.19,-0.19,-0.19
65,interaction,strong,4250,75,-2.08,0.49,0.49,0.49,0.49,0.49,0.49,0.49,0.49,-0.2231435513142097,-0.49,-0.49,-0.49,-0.49
66,interaction,mixed,4250,75,-2.08,0.49,0.49,0.49,0.49,0.49,0.49,0.49,0.49,-0.2231435513142097,-0.19,-0.49,-0.19,-0.49
