model,c,ici
Constant treatment effect,0.5307790421314641,0.0014849801561947723
Stratified,0.522707219481325,0.0028784636676428706
Linear interaction,0.5316783961874552,0.004008855458390507
RCS (3 knots),0.5274520411165234,0.005812945581067484
RCS (4 knots),0.5228357296613105,0.0021198234836189694
RCS (5 knots),0.5302727048078931,0.004563337651503161
